日期,天气状况,气温,风力风向
2011年01月01日,晴/多云,18℃/3℃,北风3-4级/北风3-4级
2011年01月02日,多云/多云,19℃/9℃,无持续风向微风/无持续风向微风
2011年01月03日,小雨/小雨,11℃/5℃,无持续风向微风/无持续风向微风
2011年01月04日,小雨/阴,8℃/5℃,无持续风向微风/无持续风向微风
2011年01月05日,阴/小雨,14℃/7℃,无持续风向微风/无持续风向微风
2011年01月06日,小雨/阴,9℃/4℃,北风4-5级/北风3-4级
2011年01月07日,多云/多云,12℃/5℃,北风3-4级/无持续风向微风
2011年01月08日,多云/多云,15℃/7℃,无持续风向微风/无持续风向微风
2011年01月09日,多云/阴,13℃/6℃,北风3-4级/北风3-4级
2011年01月10日,阴/小雨,12℃/5℃,北风3-4级/北风3-4级
2011年01月11日,小雨/小雨,8℃/4℃,北风3-4级/无持续风向微风
2011年01月12日,小雨/阴,10℃/7℃,无持续风向微风/无持续风向微风
2011年01月13日,阴/阴,13℃/10℃,无持续风向微风/无持续风向微风
2011年01月14日,多云/多云,16℃/8℃,无持续风向微风/无持续风向微风
2011年01月15日,多云/晴,15℃/5℃,北风3-4级/东北风3-4级
2011年01月16日,晴/晴,14℃/3℃,无持续风向微风/无持续风向微风
2011年01月17日,晴/多云,15℃/7℃,无持续风向微风/无持续风向微风
2011年01月18日,多云/阴,15℃/8℃,无持续风向微风/无持续风向微风
2011年01月19日,多云/阴,16℃/9℃,无持续风向微风/无持续风向微风
2011年01月20日,阴/阴,14℃/6℃,无持续风向微风/无持续风向微风
2011年01月21日,阴/晴,15℃/3℃,无持续风向微风/无持续风向微风
2011年01月22日,多云/多云,15℃/7℃,无持续风向微风/无持续风向微风
2011年01月23日,多云/多云,14℃/7℃,无持续风向微风/无持续风向微风
2011年01月24日,多云/多云,16℃/9℃,无持续风向微风/无持续风向微风
2011年01月25日,多云/多云,13℃/8℃,无持续风向微风/无持续风向微风
2011年01月26日,多云/多云,15℃/9℃,无持续风向微风/无持续风向微风
2011年01月27日,多云/阴,17℃/10℃,无持续风向微风/无持续风向微风
2011年01月28日,阴/多云,14℃/7℃,北风3-4级/北风3-4级
2011年01月29日,多云/多云,13℃/5℃,北风3-4级/北风3-4级
2011年01月30日,多云/多云,14℃/5℃,北风3-4级/北风3-4级
2011年01月31日,多云/晴,16℃/8℃,无持续风向微风/无持续风向微风
2011年02月01日,多云/多云,16℃/9℃,无持续风向微风/无持续风向微风
2011年02月02日,多云/晴,18℃/10℃,无持续风向微风/无持续风向微风
2011年02月03日,多云/多云,21℃/11℃,无持续风向微风/无持续风向微风
2011年02月04日,晴/晴,23℃/9℃,无持续风向微风/无持续风向微风
2011年02月05日,晴/晴,24℃/10℃,无持续风向微风/无持续风向微风
2011年02月06日,晴/多云,25℃/11℃,无持续风向微风/无持续风向微风
2011年02月07日,多云/多云,26℃/14℃,无持续风向微风/无持续风向微风
2011年02月08日,多云/多云,26℃/13℃,无持续风向微风/无持续风向微风
2011年02月09日,多云/多云,26℃/15℃,无持续风向微风/无持续风向微风
2011年02月10日,多云/小雨,23℃/11℃,无持续风向微风/无持续风向微风
2011年02月11日,阴/阴,16℃/10℃,东北风3-4级/北风3-4级
2011年02月12日,阴/小雨,15℃/8℃,北风3-4级/无持续风向微风
2011年02月13日,中雨/阴,11℃/6℃,无持续风向微风/无持续风向微风
2011年02月14日,阴/阴,12℃/7℃,无持续风向微风/无持续风向微风
2011年02月15日,小雨/小雨,11℃/7℃,无持续风向微风/无持续风向微风
2011年02月16日,小雨/阴,11℃/8℃,无持续风向微风/无持续风向微风
2011年02月17日,雾/雾,14℃/10℃,无持续风向微风/无持续风向微风
2011年02月18日,阴/小雨,15℃/8℃,无持续风向微风/无持续风向微风
2011年02月19日,小雨/小雨,11℃/9℃,无持续风向≤3级/无持续风向≤3级
2011年02月20日,阴/多云,17℃/10℃,无持续风向≤3级/无持续风向≤3级
2011年02月21日,阴/阴,19℃/13℃,无持续风向≤3级/无持续风向≤3级
2011年02月22日,多云/多云,21℃/14℃,无持续风向≤3级/无持续风向≤3级
2011年02月23日,多云/阴,20℃/15℃,无持续风向≤3级/无持续风向≤3级
2011年02月24日,多云/阴,21℃/14℃,无持续风向≤3级/无持续风向≤3级
2011年02月25日,多云/多云,26℃/14℃,无持续风向≤3级/无持续风向≤3级
2011年02月26日,多云/多云,25℃/17℃,无持续风向≤3级/无持续风向≤3级
2011年02月27日,多云/多云,25℃/18℃,无持续风向≤3级/无持续风向≤3级
2011年02月28日,晴/多云,27℃/17℃,无持续风向≤3级/无持续风向≤3级
2011年03月01日,多云/多云,22℃/12℃,无持续风向≤3级/无持续风向≤3级
2011年03月02日,多云/阴,19℃/12℃,北风3-4级/无持续风向≤3级
2011年03月03日,多云/多云,22℃/11℃,无持续风向≤3级/无持续风向≤3级
2011年03月04日,多云/多云,21℃/11℃,无持续风向≤3级/无持续风向≤3级
2011年03月05日,多云/多云,23℃/14℃,无持续风向≤3级/无持续风向≤3级
2011年03月06日,阴/小雨,23℃/13℃,无持续风向≤3级/北风3-4级
2011年03月07日,阴/阴,17℃/12℃,北风3-4级/北风3-4级
2011年03月08日,小雨/小雨,19℃/12℃,无持续风向≤3级/无持续风向≤3级
2011年03月09日,小雨/小雨,18℃/12℃,无持续风向≤3级/北风3-4级
2011年03月10日,小雨/阴,17℃/13℃,无持续风向≤3级/无持续风向≤3级
2011年03月11日,多云/多云,20℃/14℃,无持续风向≤3级/无持续风向≤3级
2011年03月12日,多云/多云,22℃/14℃,无持续风向≤3级/无持续风向≤3级
2011年03月13日,多云/多云,23℃/15℃,无持续风向≤3级/无持续风向≤3级
2011年03月14日,多云/多云,26℃/16℃,无持续风向≤3级/无持续风向≤3级
2011年03月15日,小雨/阴,19℃/10℃,北风4-5级/北风3-4级
2011年03月16日,阴/多云,17℃/11℃,北风3-4级/东北风3-4级
2011年03月17日,阴/小雨,19℃/13℃,北风3-4级/东北风3-4级
2011年03月18日,小到中雨/小雨,15℃/11℃,无持续风向≤3级/无持续风向≤3级
2011年03月19日,阵雨/小雨,14℃/11℃,无持续风向≤3级/无持续风向≤3级
2011年03月20日,多云/多云,22℃/18℃,无持续风向≤3级/无持续风向≤3级
2011年03月21日,小雨/阴,26℃/13℃,无持续风向≤3级/北风3-4级
2011年03月22日,小雨/阴,16℃/11℃,北风3-4级/北风3-4级
2011年03月23日,阴/多云,17℃/11℃,北风3-4级/北风3-4级
2011年03月24日,阴/多云,17℃/12℃,北风3-4级/无持续风向≤3级
2011年03月25日,多云/多云,17℃/14℃,无持续风向≤3级/无持续风向≤3级
2011年03月26日,阴/阴,20℃/13℃,无持续风向≤3级/无持续风向≤3级
2011年03月27日,阴/阴,17℃/11℃,无持续风向≤3级/无持续风向≤3级
2011年03月28日,多云/晴,20℃/13℃,无持续风向≤3级/无持续风向≤3级
2011年03月29日,多云/多云,24℃/13℃,无持续风向≤3级/无持续风向≤3级
2011年03月30日,多云/阴,22℃/14℃,无持续风向≤3级/无持续风向≤3级
2011年03月31日,阴/多云,23℃/15℃,无持续风向≤3级/无持续风向≤3级
2011年04月01日,多云/多云,26℃/16℃,无持续风向≤3级/无持续风向≤3级
2011年04月02日,多云/多云,28℃/16℃,无持续风向≤3级/无持续风向≤3级
2011年04月03日,多云/小雨,28℃/15℃,无持续风向≤3级/无持续风向≤3级
2011年04月04日,多云/多云,22℃/15℃,无持续风向≤3级/无持续风向≤3级
2011年04月05日,多云/多云,23℃/16℃,无持续风向≤3级/无持续风向≤3级
2011年04月06日,多云/多云,25℃/18℃,无持续风向≤3级/无持续风向≤3级
2011年04月07日,多云/多云,27℃/18℃,无持续风向≤3级/无持续风向≤3级
2011年04月08日,多云/多云,26℃/18℃,无持续风向≤3级/无持续风向≤3级
2011年04月09日,多云/多云,28℃/19℃,无持续风向≤3级/无持续风向≤3级
2011年04月10日,多云/多云,29℃/18℃,无持续风向≤3级/无持续风向≤3级
2011年04月11日,多云/多云,30℃/18℃,无持续风向≤3级/无持续风向≤3级
2011年04月12日,多云/多云,29℃/18℃,无持续风向≤3级/无持续风向≤3级
2011年04月13日,多云/多云,29℃/19℃,无持续风向≤3级/无持续风向≤3级
2011年04月14日,多云/晴,31℃/19℃,无持续风向≤3级/无持续风向≤3级
2011年04月15日,多云/多云,30℃/20℃,无持续风向≤3级/无持续风向≤3级
2011年04月16日,多云/雷阵雨,32℃/21℃,无持续风向≤3级/无持续风向≤3级
2011年04月17日,暴雨/阵雨,26℃/21℃,无持续风向≤3级/无持续风向≤3级
2011年04月18日,多云/多云,29℃/18℃,无持续风向≤3级/无持续风向≤3级
2011年04月19日,晴/多云,28℃/18℃,无持续风向≤3级/无持续风向≤3级
2011年04月20日,晴/多云,32℃/19℃,无持续风向≤3级/无持续风向≤3级
2011年04月21日,多云/多云,28℃/21℃,无持续风向≤3级/无持续风向≤3级
2011年04月22日,雷阵雨/阵雨,26℃/18℃,无持续风向≤3级/无持续风向≤3级
2011年04月23日,晴/晴,29℃/18℃,无持续风向≤3级/无持续风向≤3级
2011年04月24日,多云/多云,29℃/18℃,无持续风向≤3级/无持续风向≤3级
2011年04月25日,多云/多云,31℃/18℃,无持续风向≤3级/无持续风向≤3级
2011年04月26日,多云/多云,31℃/20℃,无持续风向≤3级/无持续风向≤3级
2011年04月27日,多云/多云,31℃/22℃,无持续风向≤3级/无持续风向≤3级
2011年04月28日,多云/多云,32℃/23℃,无持续风向≤3级/无持续风向≤3级
2011年04月29日,小雨/阵雨,28℃/23℃,无持续风向≤3级/无持续风向≤3级
2011年04月30日,阵雨/阵雨,27℃/23℃,无持续风向≤3级/无持续风向≤3级
2011年05月01日,阵雨/阵雨,28℃/24℃,无持续风向≤3级/无持续风向≤3级
2011年05月02日,阵雨/阵雨,28℃/23℃,无持续风向≤3级/无持续风向≤3级
2011年05月03日,中雨/小到中雨,26℃/19℃,无持续风向≤3级/无持续风向≤3级
2011年05月04日,阵雨/阵雨,23℃/18℃,无持续风向≤3级/无持续风向≤3级
2011年05月05日,阵雨/阵雨,26℃/20℃,无持续风向≤3级/无持续风向≤3级
2011年05月06日,阵雨/阵雨,27℃/23℃,无持续风向≤3级/无持续风向≤3级
2011年05月07日,阵雨/阵雨,30℃/25℃,无持续风向≤3级/无持续风向≤3级
2011年05月08日,阵雨/阵雨,30℃/24℃,无持续风向≤3级/无持续风向≤3级
2011年05月09日,多云/多云,32℃/24℃,无持续风向≤3级/无持续风向≤3级
2011年05月10日,多云/多云,33℃/25℃,无持续风向≤3级/无持续风向≤3级
2011年05月11日,雷阵雨/中雨,31℃/24℃,无持续风向≤3级/无持续风向≤3级
2011年05月12日,中雨/暴雨,30℃/22℃,无持续风向≤3级/无持续风向≤3级
2011年05月13日,大雨/小到中雨,28℃/22℃,无持续风向≤3级/无持续风向≤3级
2011年05月14日,雷阵雨/阵雨,27℃/22℃,无持续风向≤3级/无持续风向≤3级
2011年05月15日,雷阵雨/中雨,27℃/22℃,无持续风向≤3级/无持续风向≤3级
2011年05月16日,中到大雨/中雨,27℃/22℃,无持续风向≤3级/无持续风向≤3级
2011年05月17日,多云/多云,28℃/20℃,无持续风向≤3级/无持续风向≤3级
2011年05月18日,多云/晴,32℃/21℃,无持续风向≤3级/无持续风向≤3级
2011年05月19日,晴/晴,32℃/20℃,无持续风向≤3级/无持续风向≤3级
2011年05月20日,多云/多云,31℃/23℃,无持续风向≤3级/无持续风向≤3级
2011年05月21日,多云/阵雨,31℃/23℃,无持续风向≤3级/无持续风向≤3级
2011年05月22日,暴雨/大雨,27℃/22℃,无持续风向≤3级/无持续风向≤3级
2011年05月23日,阵雨/阴,25℃/21℃,无持续风向≤3级/无持续风向≤3级
2011年05月24日,阴/多云,25℃/20℃,无持续风向≤3级/无持续风向≤3级
2011年05月25日,多云/多云,29℃/21℃,无持续风向≤3级/无持续风向≤3级
2011年05月26日,晴/晴,30℃/21℃,无持续风向≤3级/无持续风向≤3级
2011年05月27日,晴/多云,31℃/23℃,无持续风向≤3级/无持续风向≤3级
2011年05月28日,晴/晴,32℃/22℃,无持续风向≤3级/无持续风向≤3级
2011年05月29日,晴/晴,33℃/21℃,无持续风向≤3级/无持续风向≤3级
2011年05月30日,晴/晴,33℃/23℃,无持续风向≤3级/无持续风向≤3级
2011年05月31日,晴/晴,33℃/21℃,无持续风向≤3级/无持续风向≤3级
2011年06月01日,晴/多云,34℃/23℃,无持续风向≤3级/无持续风向≤3级
2011年06月02日,晴/多云,34℃/25℃,无持续风向≤3级/无持续风向≤3级
2011年06月03日,多云/多云,33℃/26℃,无持续风向≤3级/无持续风向≤3级
2011年06月04日,多云/阵雨,33℃/26℃,无持续风向≤3级/无持续风向≤3级
2011年06月05日,阵雨/阵雨,32℃/27℃,无持续风向≤3级/无持续风向≤3级
2011年06月06日,阵雨/多云,33℃/27℃,无持续风向≤3级/无持续风向≤3级
2011年06月07日,阵雨/阵雨,33℃/26℃,无持续风向≤3级/无持续风向≤3级
2011年06月08日,阵雨/多云,33℃/26℃,无持续风向≤3级/无持续风向≤3级
2011年06月09日,阵雨/多云,34℃/27℃,无持续风向≤3级/无持续风向≤3级
2011年06月10日,多云/多云,35℃/27℃,无持续风向≤3级/无持续风向≤3级
2011年06月11日,阵雨/阵雨,33℃/26℃,无持续风向≤3级/无持续风向≤3级
2011年06月12日,雷阵雨/阵雨,33℃/25℃,无持续风向≤3级/无持续风向≤3级
2011年06月13日,雷阵雨/多云,32℃/26℃,无持续风向≤3级/无持续风向≤3级
2011年06月14日,雷阵雨/多云,33℃/26℃,无持续风向≤3级/无持续风向≤3级
2011年06月15日,阵雨/阵雨,34℃/26℃,无持续风向≤3级/无持续风向≤3级
2011年06月16日,阵雨/暴雨,30℃/23℃,无持续风向≤3级/无持续风向≤3级
2011年06月17日,暴雨/中雨,30℃/24℃,无持续风向≤3级/无持续风向≤3级
2011年06月18日,雷阵雨/多云,31℃/26℃,无持续风向≤3级/无持续风向≤3级
2011年06月19日,多云/多云,33℃/25℃,无持续风向≤3级/无持续风向≤3级
2011年06月20日,多云/多云,34℃/26℃,无持续风向≤3级/无持续风向≤3级
2011年06月21日,多云/阵雨,35℃/25℃,无持续风向≤3级/无持续风向≤3级
2011年06月22日,中雨/暴雨,32℃/25℃,东北风3-4级/东南风3-4级
2011年06月23日,大雨/中雨,30℃/25℃,东南风3-4级/东风3-4级
2011年06月24日,阵雨/阵雨,32℃/26℃,无持续风向≤3级/无持续风向≤3级
2011年06月25日,阵雨/中雨,33℃/26℃,无持续风向≤3级/无持续风向≤3级
2011年06月26日,大到暴雨/中雨,30℃/25℃,无持续风向≤3级/无持续风向≤3级
2011年06月27日,中雨/中雨,31℃/26℃,无持续风向≤3级/无持续风向≤3级
2011年06月28日,雷阵雨/暴雨,32℃/25℃,无持续风向≤3级/无持续风向≤3级
2011年06月29日,暴雨/大到暴雨,29℃/25℃,无持续风向≤3级/南风3-4级
2011年06月30日,大到暴雨/中雨,28℃/25℃,无持续风向≤3级/无持续风向≤3级
2011年07月01日,雷阵雨/阵雨,31℃/26℃,无持续风向≤3级/无持续风向≤3级
2011年07月02日,多云/多云,34℃/26℃,无持续风向≤3级/无持续风向≤3级
2011年07月03日,晴/晴,35℃/26℃,无持续风向≤3级/无持续风向≤3级
2011年07月04日,晴/晴,35℃/26℃,无持续风向≤3级/无持续风向≤3级
2011年07月05日,晴/晴,35℃/26℃,无持续风向≤3级/无持续风向≤3级
2011年07月06日,晴/晴,35℃/26℃,无持续风向≤3级/无持续风向≤3级
2011年07月07日,晴/晴,35℃/26℃,无持续风向≤3级/无持续风向≤3级
2011年07月08日,晴/多云,35℃/26℃,无持续风向≤3级/无持续风向≤3级
2011年07月09日,多云/阵雨,35℃/26℃,无持续风向≤3级/无持续风向≤3级
2011年07月10日,雷阵雨/多云,33℃/25℃,无持续风向≤3级/无持续风向≤3级
2011年07月11日,雷阵雨/多云,32℃/24℃,无持续风向≤3级/无持续风向≤3级
2011年07月12日,雷阵雨/雷阵雨,32℃/25℃,无持续风向≤3级/无持续风向≤3级
2011年07月13日,雷阵雨/雷阵雨,31℃/26℃,无持续风向≤3级/无持续风向≤3级
2011年07月14日,雷阵雨/雷阵雨,32℃/25℃,无持续风向≤3级/无持续风向≤3级
2011年07月15日,大到暴雨/大到暴雨,30℃/25℃,无持续风向≤3级/无持续风向≤3级
2011年07月16日,暴雨/大雨,27℃/25℃,无持续风向≤3级/无持续风向≤3级
2011年07月17日,大雨/中到大雨,30℃/26℃,无持续风向≤3级/无持续风向≤3级
2011年07月18日,中雨/中雨,33℃/26℃,无持续风向≤3级/无持续风向≤3级
2011年07月19日,中雨/大雨,32℃/25℃,无持续风向≤3级/无持续风向≤3级
2011年07月20日,大雨/中雨,31℃/25℃,无持续风向≤3级/无持续风向≤3级
2011年07月21日,雷阵雨/阵雨,32℃/25℃,无持续风向≤3级/无持续风向≤3级
2011年07月22日,雷阵雨/多云,33℃/26℃,无持续风向≤3级/无持续风向≤3级
2011年07月23日,晴/多云,34℃/26℃,无持续风向≤3级/无持续风向≤3级
2011年07月24日,晴/晴,35℃/26℃,无持续风向≤3级/无持续风向≤3级
2011年07月25日,晴/晴,36℃/26℃,无持续风向≤3级/无持续风向≤3级
2011年07月26日,晴/晴,36℃/26℃,无持续风向≤3级/无持续风向≤3级
2011年07月27日,晴/晴,35℃/26℃,无持续风向≤3级/无持续风向≤3级
2011年07月28日,晴/雷阵雨,35℃/26℃,无持续风向≤3级/无持续风向≤3级
2011年07月29日,中雨/中雨,32℃/25℃,东风3-4级/东南风3-4级
2011年07月30日,中雨/小到中雨,31℃/24℃,东南风3-4级/无持续风向≤3级
2011年07月31日,阵雨/多云,32℃/24℃,无持续风向≤3级/无持续风向≤3级
2011年08月01日,阵雨/多云,34℃/24℃,无持续风向≤3级/无持续风向≤3级
2011年08月02日,多云/多云,34℃/26℃,无持续风向≤3级/无持续风向≤3级
2011年08月03日,晴/晴,36℃/25℃,无持续风向≤3级/无持续风向≤3级
2011年08月04日,晴/晴,36℃/25℃,无持续风向≤3级/无持续风向≤3级
2011年08月05日,晴/晴,36℃/26℃,无持续风向≤3级/无持续风向≤3级
2011年08月06日,多云/多云,35℃/26℃,无持续风向≤3级/无持续风向≤3级
2011年08月07日,雷阵雨/雷阵雨,35℃/26℃,无持续风向≤3级/无持续风向≤3级
2011年08月08日,雷阵雨/阵雨,34℃/26℃,无持续风向≤3级/无持续风向≤3级
2011年08月09日,雷阵雨/中雨,32℃/25℃,无持续风向≤3级/无持续风向≤3级
2011年08月10日,中雨/阵雨,31℃/25℃,无持续风向≤3级/无持续风向≤3级
2011年08月11日,阵雨/多云,32℃/26℃,无持续风向≤3级/无持续风向≤3级
2011年08月12日,阵雨/多云,32℃/26℃,无持续风向≤3级/无持续风向≤3级
2011年08月13日,晴/晴,35℃/26℃,无持续风向≤3级/无持续风向≤3级
2011年08月14日,晴/晴,35℃/26℃,无持续风向≤3级/无持续风向≤3级
2011年08月15日,晴/晴,35℃/25℃,无持续风向≤3级/无持续风向≤3级
2011年08月16日,晴/多云,35℃/27℃,无持续风向≤3级/无持续风向≤3级
2011年08月17日,晴/晴,35℃/26℃,无持续风向≤3级/无持续风向≤3级
2011年08月18日,晴/晴,35℃/24℃,无持续风向≤3级/无持续风向≤3级
2011年08月19日,晴/多云,35℃/25℃,无持续风向≤3级/无持续风向≤3级
2011年08月20日,多云/多云,35℃/25℃,无持续风向≤3级/无持续风向≤3级
2011年08月21日,雷阵雨/晴,35℃/25℃,无持续风向≤3级/无持续风向≤3级
2011年08月22日,雷阵雨/多云,35℃/25℃,无持续风向≤3级/无持续风向≤3级
2011年08月23日,雷阵雨/雷阵雨,32℃/25℃,无持续风向≤3级/无持续风向≤3级
2011年08月24日,雷阵雨/雷阵雨,33℃/25℃,无持续风向≤3级/无持续风向≤3级
2011年08月25日,雷阵雨/多云,33℃/25℃,无持续风向≤3级/无持续风向≤3级
2011年08月26日,多云/多云,35℃/26℃,无持续风向≤3级/无持续风向≤3级
2011年08月27日,晴/晴,35℃/26℃,无持续风向≤3级/无持续风向≤3级
2011年08月28日,晴/多云,35℃/26℃,无持续风向≤3级/无持续风向≤3级
2011年08月29日,晴/晴,35℃/26℃,无持续风向≤3级/无持续风向≤3级
2011年08月30日,晴/阵雨,36℃/26℃,无持续风向≤3级/无持续风向≤3级
2011年08月31日,多云/阵雨,35℃/25℃,无持续风向≤3级/无持续风向≤3级
2011年09月01日,阵雨/大到暴雨,31℃/24℃,无持续风向≤3级/无持续风向≤3级
2011年09月02日,中雨/大雨,28℃/26℃,无持续风向≤3级/无持续风向≤3级
2011年09月03日,中雨/阵雨,31℃/26℃,无持续风向≤3级/无持续风向≤3级
2011年09月04日,阵雨/多云,32℃/25℃,无持续风向≤3级/无持续风向≤3级
2011年09月05日,多云/多云,35℃/26℃,无持续风向≤3级/无持续风向≤3级
2011年09月06日,多云/多云,34℃/25℃,无持续风向≤3级/无持续风向≤3级
2011年09月07日,阵雨/多云,34℃/25℃,无持续风向≤3级/无持续风向≤3级
2011年09月08日,阵雨/多云,34℃/25℃,无持续风向≤3级/无持续风向≤3级
2011年09月09日,多云/多云,35℃/26℃,无持续风向≤3级/无持续风向≤3级
2011年09月10日,雷阵雨/多云,35℃/25℃,无持续风向≤3级/无持续风向≤3级
2011年09月11日,阵雨/多云,33℃/25℃,无持续风向≤3级/无持续风向≤3级
2011年09月12日,阵雨/多云,33℃/25℃,无持续风向≤3级/无持续风向≤3级
2011年09月13日,阵雨/多云,34℃/25℃,无持续风向≤3级/无持续风向≤3级
2011年09月14日,雷阵雨/多云,34℃/25℃,无持续风向≤3级/无持续风向≤3级
2011年09月15日,雷阵雨/雷阵雨,34℃/26℃,无持续风向≤3级/无持续风向≤3级
2011年09月16日,雷阵雨/多云,34℃/24℃,无持续风向≤3级/无持续风向≤3级
2011年09月17日,雷阵雨/阵雨,34℃/24℃,无持续风向≤3级/无持续风向≤3级
2011年09月18日,雷阵雨/阵雨,35℃/24℃,无持续风向≤3级/无持续风向≤3级
2011年09月19日,雷阵雨/阵雨,32℃/22℃,无持续风向≤3级/无持续风向≤3级
2011年09月20日,多云/多云,30℃/20℃,无持续风向≤3级/无持续风向≤3级
2011年09月21日,多云/晴,30℃/20℃,无持续风向≤3级/无持续风向≤3级
2011年09月22日,晴/晴,30℃/20℃,无持续风向≤3级/无持续风向≤3级
2011年09月23日,晴/晴,30℃/21℃,无持续风向≤3级/无持续风向≤3级
2011年09月24日,晴/阵雨,31℃/22℃,无持续风向≤3级/无持续风向≤3级
2011年09月25日,阵雨/多云,29℃/23℃,无持续风向≤3级/无持续风向≤3级
2011年09月26日,阵雨/多云,30℃/24℃,无持续风向≤3级/无持续风向≤3级
2011年09月27日,多云/晴,33℃/24℃,无持续风向≤3级/无持续风向≤3级
2011年09月28日,阵雨/中雨,33℃/24℃,无持续风向≤3级/东风3-4级
2011年09月29日,中到大雨/大到暴雨,29℃/22℃,东北风4-5级/东北风4-5级
2011年09月30日,中雨/阵雨,29℃/24℃,无持续风向≤3级/无持续风向≤3级
2011年10月01日,阵雨/多云,30℃/23℃,无持续风向≤3级/无持续风向≤3级
2011年10月02日,多云/阵雨,30℃/22℃,无持续风向≤3级/无持续风向≤3级
2011年10月03日,阵雨/阵雨,26℃/20℃,东北风3-4级/东北风3-4级
2011年10月04日,阵雨/阵雨,25℃/20℃,北风3-4级/北风3-4级
2011年10月05日,多云/阵雨,26℃/20℃,东北风3-4级/无持续风向≤3级
2011年10月06日,多云/阵雨,27℃/21℃,无持续风向≤3级/无持续风向≤3级
2011年10月07日,多云/多云,28℃/21℃,无持续风向≤3级/无持续风向≤3级
2011年10月08日,多云/晴,30℃/21℃,无持续风向≤3级/无持续风向≤3级
2011年10月09日,晴/晴,31℃/22℃,无持续风向≤3级/无持续风向≤3级
2011年10月10日,多云/阵雨,31℃/21℃,无持续风向≤3级/无持续风向≤3级
2011年10月11日,阵雨/阵雨,29℃/23℃,无持续风向≤3级/无持续风向≤3级
2011年10月12日,阵雨/阵雨,28℃/23℃,无持续风向≤3级/无持续风向≤3级
2011年10月13日,中到大雨/中到大雨,26℃/22℃,无持续风向≤3级/无持续风向≤3级
2011年10月14日,阵雨/多云,26℃/20℃,无持续风向≤3级/无持续风向≤3级
2011年10月15日,多云/多云,27℃/20℃,无持续风向≤3级/无持续风向≤3级
2011年10月16日,多云/多云,28℃/20℃,无持续风向≤3级/无持续风向≤3级
2011年10月17日,晴/晴,29℃/17℃,无持续风向≤3级/无持续风向≤3级
2011年10月18日,晴/晴,29℃/17℃,无持续风向≤3级/无持续风向≤3级
2011年10月19日,晴/晴,30℃/18℃,无持续风向≤3级/无持续风向≤3级
2011年10月20日,晴/晴,30℃/18℃,无持续风向≤3级/无持续风向≤3级
2011年10月21日,晴/晴,30℃/18℃,无持续风向≤3级/无持续风向≤3级
2011年10月22日,晴/晴,30℃/19℃,无持续风向≤3级/无持续风向≤3级
2011年10月23日,多云/多云,30℃/21℃,无持续风向≤3级/无持续风向≤3级
2011年10月24日,多云/多云,29℃/19℃,无持续风向≤3级/无持续风向≤3级
2011年10月25日,多云/多云,26℃/18℃,无持续风向≤3级/无持续风向≤3级
2011年10月26日,多云/多云,26℃/19℃,无持续风向≤3级/无持续风向≤3级
2011年10月27日,多云/多云,26℃/19℃,无持续风向≤3级/无持续风向≤3级
2011年10月28日,多云/多云,27℃/18℃,无持续风向≤3级/无持续风向≤3级
2011年10月29日,多云/多云,27℃/18℃,无持续风向≤3级/无持续风向≤3级
2011年10月30日,多云/多云,27℃/19℃,无持续风向≤3级/无持续风向≤3级
2011年10月31日,多云/多云,27℃/18℃,无持续风向≤3级/无持续风向≤3级
2011年11月01日,多云/多云,28℃/18℃,无持续风向≤3级/无持续风向≤3级
2011年11月02日,多云/多云,28℃/19℃,无持续风向≤3级/无持续风向≤3级
2011年11月03日,多云/小雨,29℃/19℃,无持续风向≤3级/无持续风向≤3级
2011年11月04日,小雨/多云,29℃/22℃,无持续风向≤3级/无持续风向≤3级
2011年11月05日,多云/多云,30℃/22℃,无持续风向≤3级/无持续风向≤3级
2011年11月06日,多云/多云,32℃/23℃,无持续风向≤3级/无持续风向≤3级
2011年11月07日,多云/小雨,30℃/18℃,无持续风向≤3级/无持续风向≤3级
2011年11月08日,大雨/大到暴雨,21℃/16℃,无持续风向≤3级/北风3-4级
2011年11月09日,大到暴雨/阵雨,16℃/15℃,北风3-4级/北风3-4级
2011年11月10日,多云/多云,22℃/15℃,北风3-4级/东北风3-4级
2011年11月11日,多云/多云,23℃/16℃,无持续风向≤3级/无持续风向≤3级
2011年11月12日,多云/多云,25℃/17℃,无持续风向≤3级/无持续风向≤3级
2011年11月13日,晴/多云,26℃/16℃,无持续风向≤3级/无持续风向≤3级
2011年11月14日,多云/多云,26℃/17℃,无持续风向≤3级/无持续风向≤3级
2011年11月15日,多云/多云,28℃/20℃,无持续风向≤3级/无持续风向≤3级
2011年11月16日,多云/多云,28℃/21℃,无持续风向≤3级/无持续风向≤3级
2011年11月17日,小雨/中雨,29℃/21℃,无持续风向≤3级/无持续风向≤3级
2011年11月18日,中雨/小到中雨,24℃/19℃,无持续风向≤3级/无持续风向≤3级
2011年11月19日,阴/晴,26℃/17℃,无持续风向≤3级/北风3-4级
2011年11月20日,多云/晴,26℃/15℃,无持续风向≤3级/无持续风向≤3级
2011年11月21日,多云/阴,25℃/17℃,无持续风向≤3级/无持续风向≤3级
2011年11月22日,阴/多云,23℃/16℃,无持续风向≤3级/无持续风向≤3级
2011年11月23日,晴/晴,26℃/14℃,无持续风向≤3级/东北风3-4级
2011年11月24日,晴/多云,25℃/16℃,无持续风向≤3级/无持续风向≤3级
2011年11月25日,阴/阴,23℃/16℃,无持续风向≤3级/无持续风向≤3级
2011年11月26日,阴/阴,24℃/16℃,无持续风向≤3级/无持续风向≤3级
2011年11月27日,多云/晴,24℃/15℃,无持续风向≤3级/无持续风向≤3级
2011年11月28日,晴/晴,26℃/14℃,无持续风向≤3级/无持续风向≤3级
2011年11月29日,晴/晴,27℃/16℃,无持续风向≤3级/无持续风向≤3级
2011年11月30日,晴/多云,27℃/12℃,无持续风向≤3级/北风3-4级
2011年12月01日,阴/多云,16℃/9℃,北风4-5级/北风3-4级
2011年12月02日,多云/晴,16℃/6℃,北风4-5级/北风3-4级
2011年12月03日,晴/晴,17℃/5℃,无持续风向≤3级/无持续风向≤3级
2011年12月04日,晴/多云,21℃/10℃,无持续风向≤3级/无持续风向≤3级
2011年12月05日,多云/多云,21℃/15℃,无持续风向≤3级/无持续风向≤3级
2011年12月06日,多云/多云,21℃/17℃,无持续风向≤3级/无持续风向≤3级
2011年12月07日,多云/小雨,23℃/13℃,无持续风向≤3级/北风3-4级
2011年12月08日,阴/多云,16℃/9℃,北风3-4级/北风3-4级
2011年12月09日,多云/多云,15℃/6℃,北风4-5级/北风4-5级
2011年12月10日,多云/晴,15℃/4℃,北风4-5级/北风3-4级
2011年12月11日,晴/晴,16℃/4℃,北风3-4级/无持续风向≤3级
2011年12月12日,晴/晴,18℃/8℃,北风3-4级/无持续风向≤3级
2011年12月13日,晴/多云,19℃/11℃,无持续风向≤3级/无持续风向≤3级
2011年12月14日,多云/多云,20℃/13℃,无持续风向≤3级/无持续风向≤3级
2011年12月15日,阴/多云,19℃/11℃,北风3-4级/北风3-4级
2011年12月16日,阴/晴,16℃/10℃,北风4-5级/北风3-4级
2011年12月17日,晴/晴,19℃/8℃,无持续风向≤3级/无持续风向≤3级
2011年12月18日,多云/晴,18℃/7℃,无持续风向≤3级/无持续风向≤3级
2011年12月19日,晴/多云,20℃/11℃,无持续风向≤3级/无持续风向≤3级
2011年12月20日,多云/多云,21℃/13℃,无持续风向≤3级/无持续风向≤3级
2011年12月21日,阴/多云,20℃/12℃,无持续风向≤3级/无持续风向≤3级
2011年12月22日,多云/多云,21℃/10℃,北风3-4级/北风3-4级
2011年12月23日,多云/晴,16℃/5℃,北风3-4级/北风3-4级
2011年12月24日,晴/晴,16℃/5℃,北风3-4级/无持续风向≤3级
2011年12月25日,晴/晴,16℃/7℃,无持续风向≤3级/无持续风向≤3级
2011年12月26日,晴/多云,18℃/10℃,无持续风向≤3级/无持续风向≤3级
2011年12月27日,多云/多云,20℃/10℃,无持续风向≤3级/无持续风向≤3级
2011年12月28日,多云/多云,22℃/13℃,无持续风向≤3级/无持续风向≤3级
2011年12月29日,多云/阴,23℃/12℃,无持续风向微风/无持续风向微风
2011年12月30日,阴/多云,20℃/12℃,北风3-4级/无持续风向≤3级
2011年12月31日,多云/多云,20℃/11℃,无持续风向≤3级/无持续风向≤3级
2012年01月01日,多云/多云,20℃/10℃,无持续风向≤3级/无持续风向≤3级
2012年01月02日,多云/多云,20℃/10℃,无持续风向≤3级/无持续风向≤3级
2012年01月03日,阴/小雨,17℃/8℃,北风3-4级/北风3-4级
2012年01月04日,小雨/小雨,11℃/7℃,北风3-4级/北风3-4级
2012年01月05日,小雨/小雨,11℃/5℃,北风3-4级/无持续风向≤3级
2012年01月06日,小雨/阴,9℃/7℃,无持续风向≤3级/无持续风向≤3级
2012年01月07日,阴/阴,14℃/10℃,无持续风向≤3级/无持续风向≤3级
2012年01月08日,多云/多云,17℃/9℃,无持续风向≤3级/无持续风向≤3级
2012年01月09日,多云/多云,19℃/9℃,无持续风向≤3级/无持续风向≤3级
2012年01月10日,多云/多云,20℃/10℃,无持续风向≤3级/无持续风向≤3级
2012年01月11日,小雨/阴,17℃/11℃,无持续风向≤3级/无持续风向≤3级
2012年01月12日,小雨/小雨,14℃/10℃,无持续风向≤3级/无持续风向≤3级
2012年01月13日,小雨/小到中雨,14℃/11℃,无持续风向≤3级/无持续风向≤3级
2012年01月14日,小雨/中到大雨,17℃/12℃,无持续风向≤3级/无持续风向≤3级
2012年01月15日,中雨/大雨,14℃/12℃,无持续风向≤3级/无持续风向≤3级
2012年01月16日,阴/多云,17℃/12℃,无持续风向≤3级/无持续风向≤3级
2012年01月17日,阴/多云,18℃/12℃,无持续风向≤3级/无持续风向≤3级
2012年01月18日,多云/多云,20℃/14℃,无持续风向≤3级/无持续风向≤3级
2012年01月19日,多云/阵雨,22℃/16℃,无持续风向≤3级/无持续风向≤3级
2012年01月20日,阴/小雨,19℃/11℃,无持续风向≤3级/无持续风向≤3级
2012年01月21日,小雨/小到中雨,13℃/7℃,北风3-4级/北风3-4级
2012年01月22日,小到中雨/小雨,8℃/5℃,北风3-4级/北风3-4级
2012年01月23日,小雨/阴,9℃/5℃,北风3-4级/无持续风向≤3级
2012年01月24日,小雨/小雨,7℃/5℃,北风3-4级/北风3-4级
2012年01月25日,小雨/阴,10℃/5℃,北风3-4级/北风3-4级
2012年01月26日,阴/阴,10℃/5℃,无持续风向≤3级/无持续风向≤3级
2012年01月27日,阴/雾,12℃/9℃,无持续风向≤3级/无持续风向≤3级
2012年01月28日,雾/雾,16℃/11℃,无持续风向≤3级/无持续风向≤3级
2012年01月29日,阴/阴,16℃/8℃,北风3-4级/北风3-4级
2012年01月30日,阴/多云,15℃/8℃,北风3-4级/无持续风向≤3级
2012年01月31日,多云/多云,19℃/10℃,北风3-4级/无持续风向≤3级
2012年02月01日,多云/多云,19℃/12℃,无持续风向≤3级/无持续风向≤3级
2012年02月02日,阴/小雨,16℃/10℃,北风3-4级/北风3-4级
2012年02月03日,小雨/阴,13℃/11℃,无持续风向≤3级/无持续风向≤3级
2012年02月04日,阴/阴,16℃/11℃,无持续风向≤3级/无持续风向≤3级
2012年02月05日,阴/雾,21℃/15℃,无持续风向≤3级/无持续风向≤3级
2012年02月06日,小雨/小雨,23℃/10℃,无持续风向≤3级/北风3-4级
2012年02月07日,阴/多云,17℃/8℃,北风3-4级/东北风3-4级
2012年02月08日,阴/多云,15℃/10℃,东北风3-4级/无持续风向≤3级
2012年02月09日,阴/阴,16℃/10℃,无持续风向≤3级/无持续风向≤3级
2012年02月10日,小雨/阴,11℃/7℃,无持续风向≤3级/北风3-4级
2012年02月11日,阴/阴,13℃/8℃,无持续风向≤3级/无持续风向≤3级
2012年02月12日,阴/雾,16℃/12℃,无持续风向≤3级/无持续风向≤3级
2012年02月13日,雾/多云,23℃/17℃,无持续风向≤3级/无持续风向≤3级
2012年02月14日,多云/多云,26℃/18℃,无持续风向≤3级/无持续风向≤3级
2012年02月15日,多云/小雨,26℃/14℃,无持续风向≤3级/无持续风向≤3级
2012年02月16日,小雨/阴,16℃/10℃,无持续风向≤3级/北风3-4级
2012年02月17日,阴/阴,15℃/9℃,北风3-4级/北风3-4级
2012年02月18日,阴/多云,16℃/8℃,北风3-4级/北风3-4级
2012年02月19日,阴/多云,18℃/11℃,无持续风向≤3级/无持续风向≤3级
2012年02月20日,多云/阴,21℃/13℃,无持续风向≤3级/无持续风向≤3级
2012年02月21日,小雨/阴,21℃/17℃,无持续风向≤3级/无持续风向≤3级
2012年02月22日,小到中雨/小雨,23℃/18℃,无持续风向≤3级/无持续风向≤3级
2012年02月23日,小雨/阴,23℃/19℃,无持续风向≤3级/无持续风向≤3级
2012年02月24日,小雨/小雨,23℃/15℃,无持续风向≤3级/东北风3-4级
2012年02月25日,小雨/小雨,18℃/10℃,北风3-4级/北风3-4级
2012年02月26日,小雨/小雨,12℃/8℃,北风3-4级/北风3-4级
2012年02月27日,小到中雨/小到中雨,11℃/6℃,无持续风向≤3级/无持续风向≤3级
2012年02月28日,小到中雨/阴,12℃/10℃,无持续风向≤3级/无持续风向≤3级
2012年02月29日,小雨/小雨,17℃/13℃,无持续风向≤3级/无持续风向≤3级
2012年03月01日,小雨/雾,18℃/14℃,无持续风向≤3级/无持续风向≤3级
2012年03月02日,小雨/雾,22℃/18℃,无持续风向≤3级/无持续风向≤3级
2012年03月03日,阴/阴,22℃/16℃,无持续风向≤3级/无持续风向≤3级
2012年03月04日,小雨/中到大雨,22℃/19℃,无持续风向≤3级/无持续风向≤3级
2012年03月05日,中雨/小雨,23℃/19℃,无持续风向≤3级/无持续风向≤3级
2012年03月06日,小雨/中雨,27℃/21℃,无持续风向≤3级/无持续风向≤3级
2012年03月07日,小雨/小雨,24℃/14℃,无持续风向≤3级/北风3-4级
2012年03月08日,小到中雨/小雨,17℃/10℃,无持续风向≤3级/北风3-4级
2012年03月09日,小雨/小雨,13℃/9℃,北风3-4级/北风3-4级
2012年03月10日,小雨/小雨,12℃/10℃,无持续风向≤3级/北风3-4级
2012年03月11日,小雨/小雨,12℃/8℃,无持续风向≤3级/北风3-4级
2012年03月12日,小雨/阴,14℃/12℃,北风3-4级/无持续风向≤3级
2012年03月13日,阴/阴,16℃/12℃,无持续风向≤3级/无持续风向≤3级
2012年03月14日,小雨/雾,17℃/15℃,无持续风向≤3级/无持续风向≤3级
2012年03月15日,小雨/小雨,21℃/17℃,无持续风向≤3级/无持续风向≤3级
2012年03月16日,小雨/小雨,24℃/20℃,无持续风向≤3级/无持续风向≤3级
2012年03月17日,小雨/阴,25℃/20℃,无持续风向≤3级/无持续风向≤3级
2012年03月18日,小雨/阴,26℃/20℃,无持续风向≤3级/无持续风向≤3级
2012年03月19日,多云/阴,26℃/19℃,无持续风向≤3级/无持续风向≤3级
2012年03月20日,阴/小雨,26℃/18℃,无持续风向≤3级/无持续风向≤3级
2012年03月21日,阴/阴,24℃/18℃,无持续风向≤3级/无持续风向≤3级
2012年03月22日,小雨/阴,25℃/15℃,无持续风向≤3级/无持续风向≤3级
2012年03月23日,小雨/小雨,21℃/11℃,北风3-4级/北风4-5级
2012年03月24日,多云/晴,20℃/10℃,北风3-4级/无持续风向≤3级
2012年03月25日,晴/晴,23℃/13℃,无持续风向≤3级/无持续风向≤3级
2012年03月26日,晴/多云,25℃/12℃,无持续风向微风/无持续风向微风
2012年03月27日,晴/多云,26℃/14℃,无持续风向≤3级/无持续风向≤3级
2012年03月28日,多云/多云,27℃/18℃,无持续风向≤3级/无持续风向≤3级
2012年03月29日,多云/多云,27℃/18℃,无持续风向≤3级/无持续风向≤3级
2012年03月30日,多云/阵雨,28℃/16℃,无持续风向≤3级/北风3-4级
2012年03月31日,阴/晴,24℃/16℃,北风3-4级/无持续风向≤3级
2012年04月01日,多云/多云,27℃/16℃,无持续风向≤3级/无持续风向≤3级
2012年04月02日,多云/多云,27℃/18℃,无持续风向≤3级/无持续风向≤3级
2012年04月03日,阴/多云,26℃/21℃,无持续风向≤3级/无持续风向≤3级
2012年04月04日,多云/多云,29℃/20℃,无持续风向≤3级/无持续风向≤3级
2012年04月05日,小到中雨/大雨,24℃/18℃,无持续风向≤3级/东北风3-4级
2012年04月06日,大雨/小到中雨,21℃/17℃,无持续风向≤3级/无持续风向≤3级
2012年04月07日,阵雨/阴,22℃/19℃,无持续风向≤3级/无持续风向≤3级
2012年04月08日,小到中雨/小到中雨,22℃/17℃,无持续风向≤3级/无持续风向≤3级
2012年04月09日,阴/阴,24℃/22℃,无持续风向≤3级/无持续风向≤3级
2012年04月10日,阴/多云,29℃/22℃,无持续风向≤3级/无持续风向≤3级
2012年04月11日,多云/多云,30℃/23℃,无持续风向≤3级/无持续风向≤3级
2012年04月12日,雷阵雨/小到中雨,29℃/22℃,无持续风向≤3级/无持续风向≤3级
2012年04月13日,雷阵雨/雷阵雨,28℃/23℃,无持续风向≤3级/无持续风向≤3级
2012年04月14日,阵雨/多云,29℃/23℃,无持续风向≤3级/无持续风向≤3级
2012年04月15日,雷阵雨/大到暴雨,31℃/23℃,无持续风向≤3级/无持续风向≤3级
2012年04月16日,阵雨/雷阵雨,28℃/23℃,无持续风向≤3级/无持续风向≤3级
2012年04月17日,中到大雨/中雨,26℃/22℃,无持续风向≤3级/无持续风向≤3级
2012年04月18日,阵雨/大到暴雨,25℃/20℃,无持续风向≤3级/无持续风向≤3级
2012年04月19日,大雨/暴雨,23℃/21℃,无持续风向≤3级/无持续风向≤3级
2012年04月20日,暴雨/中雨,24℃/21℃,无持续风向≤3级/无持续风向≤3级
2012年04月21日,阴/多云,26℃/19℃,无持续风向≤3级/无持续风向≤3级
2012年04月22日,多云/多云,31℃/21℃,无持续风向微风/无持续风向微风
2012年04月23日,阵雨/阵雨,28℃/23℃,无持续风向≤3级/无持续风向≤3级
2012年04月24日,阵雨/阵雨,29℃/22℃,无持续风向≤3级/无持续风向≤3级
2012年04月25日,大到暴雨/雷阵雨,28℃/22℃,无持续风向≤3级/北风3-4级
2012年04月26日,多云/多云,27℃/23℃,无持续风向≤3级/无持续风向≤3级
2012年04月27日,阵雨/中到大雨,28℃/20℃,无持续风向≤3级/无持续风向≤3级
2012年04月28日,雷阵雨/雷阵雨,27℃/22℃,无持续风向≤3级/无持续风向≤3级
2012年04月29日,阵雨/雷阵雨,29℃/25℃,无持续风向≤3级/无持续风向≤3级
2012年04月30日,雷阵雨/中到大雨,31℃/25℃,无持续风向≤3级/无持续风向≤3级
2012年05月01日,雷阵雨/多云,31℃/26℃,无持续风向≤3级/无持续风向≤3级
2012年05月02日,雷阵雨/阵雨,32℃/25℃,无持续风向≤3级/无持续风向≤3级
2012年05月03日,雷阵雨/雷阵雨,31℃/25℃,无持续风向≤3级/无持续风向≤3级
2012年05月04日,阵雨/雷阵雨,31℃/24℃,无持续风向≤3级/无持续风向≤3级
2012年05月05日,雷阵雨/多云,31℃/24℃,无持续风向≤3级/无持续风向≤3级
2012年05月06日,多云/雷阵雨,33℃/24℃,无持续风向≤3级/无持续风向≤3级
2012年05月07日,多云/多云,32℃/25℃,无持续风向微风/无持续风向微风
2012年05月08日,多云/晴,35℃/26℃,无持续风向≤3级/无持续风向≤3级
2012年05月09日,晴/多云,34℃/26℃,无持续风向≤3级/无持续风向≤3级
2012年05月10日,阴/中雨,33℃/25℃,无持续风向≤3级/无持续风向≤3级
2012年05月11日,阴/雷阵雨,34℃/25℃,无持续风向≤3级/无持续风向≤3级
2012年05月12日,阴/雷阵雨,32℃/25℃,无持续风向≤3级/无持续风向≤3级
2012年05月13日,暴雨/雷阵雨,31℃/25℃,无持续风向≤3级/无持续风向≤3级
2012年05月14日,中到大雨/中到大雨,31℃/25℃,无持续风向≤3级/无持续风向≤3级
2012年05月15日,阵雨/雷阵雨,31℃/24℃,无持续风向≤3级/无持续风向≤3级
2012年05月16日,阵雨/雷阵雨,33℃/24℃,无持续风向≤3级/无持续风向≤3级
2012年05月17日,阴/大雨,32℃/25℃,无持续风向≤3级/无持续风向≤3级
2012年05月18日,大雨/阵雨,29℃/24℃,无持续风向≤3级/无持续风向≤3级
2012年05月19日,小到中雨/中雨,31℃/24℃,无持续风向≤3级/无持续风向≤3级
2012年05月20日,多云/多云,30℃/24℃,无持续风向≤3级/无持续风向≤3级
2012年05月21日,多云/多云,34℃/23℃,无持续风向≤3级/无持续风向≤3级
2012年05月22日,多云/多云,33℃/24℃,无持续风向≤3级/无持续风向≤3级
2012年05月23日,多云/多云,32℃/23℃,无持续风向≤3级/无持续风向≤3级
2012年05月24日,多云/多云,32℃/22℃,无持续风向≤3级/无持续风向≤3级
2012年05月25日,多云/多云,33℃/24℃,无持续风向≤3级/无持续风向≤3级
2012年05月26日,阵雨/雷阵雨,30℃/23℃,无持续风向≤3级/无持续风向≤3级
2012年05月27日,中到大雨/雷阵雨,29℃/24℃,无持续风向≤3级/无持续风向≤3级
2012年05月28日,中到大雨/阵雨,29℃/25℃,无持续风向≤3级/无持续风向≤3级
2012年05月29日,阴/阵雨,30℃/24℃,无持续风向≤3级/无持续风向≤3级
2012年05月30日,雷阵雨/阵雨,30℃/24℃,无持续风向≤3级/无持续风向≤3级
2012年05月31日,多云/多云,31℃/24℃,无持续风向≤3级/无持续风向≤3级
2012年06月01日,多云/多云,31℃/23℃,无持续风向≤3级/无持续风向≤3级
2012年06月02日,多云/多云,31℃/24℃,无持续风向≤3级/无持续风向≤3级
2012年06月03日,多云/多云,31℃/24℃,无持续风向≤3级/无持续风向≤3级
2012年06月04日,多云/多云,31℃/24℃,无持续风向≤3级/无持续风向≤3级
2012年06月05日,多云/多云,31℃/24℃,无持续风向≤3级/无持续风向≤3级
2012年06月06日,多云/多云,33℃/26℃,无持续风向≤3级/无持续风向≤3级
2012年06月07日,多云/多云,35℃/25℃,无持续风向≤3级/无持续风向≤3级
2012年06月08日,阵雨/阵雨,33℃/25℃,无持续风向≤3级/无持续风向≤3级
2012年06月09日,雷阵雨/多云,34℃/27℃,无持续风向≤3级/无持续风向≤3级
2012年06月10日,雷阵雨/雷阵雨,33℃/26℃,无持续风向≤3级/无持续风向≤3级
2012年06月11日,阵雨/暴雨,32℃/25℃,无持续风向≤3级/无持续风向≤3级
2012年06月12日,阵雨/阵雨,31℃/26℃,无持续风向≤3级/无持续风向≤3级
2012年06月13日,雷阵雨/阵雨,31℃/25℃,无持续风向≤3级/无持续风向≤3级
2012年06月14日,中雨/阵雨,31℃/24℃,无持续风向≤3级/无持续风向≤3级
2012年06月15日,阴/雷阵雨,33℃/25℃,无持续风向≤3级/无持续风向≤3级
2012年06月16日,阵雨/中到大雨,32℃/24℃,无持续风向≤3级/无持续风向≤3级
2012年06月17日,暴雨/中雨,30℃/24℃,无持续风向≤3级/无持续风向≤3级
2012年06月18日,阵雨/中到大雨,32℃/25℃,东北风3-4级/东风3-4级
2012年06月19日,阵雨/多云,32℃/26℃,东风3-4级/无持续风向≤3级
2012年06月20日,雷阵雨/雷阵雨,35℃/25℃,无持续风向≤3级/无持续风向≤3级
2012年06月21日,中到大雨/暴雨,30℃/25℃,无持续风向≤3级/无持续风向≤3级
2012年06月22日,中到大雨/阵雨,30℃/25℃,无持续风向≤3级/无持续风向≤3级
2012年06月23日,雷阵雨/雷阵雨,31℃/25℃,无持续风向≤3级/无持续风向≤3级
2012年06月24日,雷阵雨/中雨,30℃/25℃,无持续风向≤3级/无持续风向≤3级
2012年06月25日,雷阵雨/雷阵雨,30℃/26℃,无持续风向≤3级/无持续风向≤3级
2012年06月26日,雷阵雨/阵雨,32℃/26℃,无持续风向≤3级/无持续风向≤3级
2012年06月27日,多云/多云,32℃/26℃,无持续风向≤3级/无持续风向≤3级
2012年06月28日,多云/多云,34℃/25℃,无持续风向≤3级/无持续风向≤3级
2012年06月29日,晴/阵雨,35℃/24℃,东北风3-4级/东北风3-4级
2012年06月30日,阵雨/阵雨,31℃/25℃,东南风3-4级/东南风3-4级
2012年07月01日,阵雨/多云,33℃/25℃,无持续风向≤3级/无持续风向≤3级
2012年07月02日,多云/多云,34℃/24℃,无持续风向≤3级/无持续风向≤3级
2012年07月03日,多云/多云,34℃/24℃,无持续风向≤3级/无持续风向≤3级
2012年07月04日,晴/多云,34℃/24℃,无持续风向≤3级/无持续风向≤3级
2012年07月05日,雷阵雨/阵雨,32℃/25℃,无持续风向≤3级/无持续风向≤3级
2012年07月06日,阵雨/阵雨,32℃/25℃,无持续风向≤3级/无持续风向≤3级
2012年07月07日,阵雨/阵雨,33℃/25℃,无持续风向≤3级/无持续风向≤3级
2012年07月08日,雷阵雨/多云,33℃/25℃,无持续风向≤3级/无持续风向≤3级
2012年07月09日,多云/晴,35℃/26℃,无持续风向≤3级/无持续风向≤3级
2012年07月10日,晴/晴,35℃/26℃,无持续风向≤3级/无持续风向≤3级
2012年07月11日,晴/晴,35℃/26℃,无持续风向≤3级/无持续风向≤3级
2012年07月12日,晴/晴,35℃/26℃,无持续风向≤3级/无持续风向≤3级
2012年07月13日,阵雨/多云,34℃/26℃,无持续风向≤3级/无持续风向≤3级
2012年07月14日,雷阵雨/多云,34℃/26℃,无持续风向≤3级/无持续风向≤3级
2012年07月15日,雷阵雨/多云,35℃/27℃,无持续风向≤3级/无持续风向≤3级
2012年07月16日,阵雨/多云,34℃/26℃,无持续风向≤3级/无持续风向≤3级
2012年07月17日,雷阵雨/多云,34℃/27℃,无持续风向≤3级/无持续风向≤3级
2012年07月18日,雷阵雨/多云,33℃/26℃,无持续风向≤3级/无持续风向≤3级
2012年07月19日,多云/多云,35℃/25℃,无持续风向≤3级/无持续风向≤3级
2012年07月20日,多云/多云,35℃/26℃,无持续风向≤3级/无持续风向≤3级
2012年07月21日,晴/多云,35℃/26℃,无持续风向≤3级/无持续风向≤3级
2012年07月22日,阵雨/中雨,35℃/25℃,无持续风向≤3级/东南风4-5级
2012年07月23日,阵雨/大雨,32℃/25℃,无持续风向≤3级/东北风4-5级
2012年07月24日,暴雨/暴雨,27℃/25℃,东风6-7级/东南风4-5级
2012年07月25日,暴雨/暴雨,28℃/24℃,东南风3-4级/东南风3-4级
2012年07月26日,中到大雨/中到大雨,29℃/24℃,无持续风向≤3级/东南风3-4级
2012年07月27日,中到大雨/阵雨,29℃/25℃,无持续风向≤3级/无持续风向≤3级
2012年07月28日,多云/多云,29℃/25℃,无持续风向≤3级/无持续风向≤3级
2012年07月29日,多云/多云,33℃/24℃,无持续风向≤3级/无持续风向≤3级
2012年07月30日,晴/晴,35℃/24℃,无持续风向≤3级/无持续风向≤3级
2012年07月31日,晴/晴,35℃/24℃,无持续风向≤3级/无持续风向≤3级
2012年08月01日,晴/晴,36℃/26℃,无持续风向≤3级/无持续风向≤3级
2012年08月02日,晴/晴,37℃/26℃,无持续风向≤3级/无持续风向≤3级
2012年08月03日,多云/阵雨,35℃/26℃,无持续风向≤3级/无持续风向≤3级
2012年08月04日,雷阵雨/阵雨,32℃/25℃,无持续风向≤3级/无持续风向≤3级
2012年08月05日,阵雨/多云,32℃/25℃,无持续风向≤3级/无持续风向≤3级
2012年08月06日,多云/多云,33℃/25℃,无持续风向≤3级/无持续风向≤3级
2012年08月07日,多云/多云,34℃/25℃,无持续风向≤3级/无持续风向≤3级
2012年08月08日,晴/多云,36℃/25℃,无持续风向≤3级/无持续风向≤3级
2012年08月09日,晴/多云,35℃/25℃,无持续风向≤3级/无持续风向≤3级
2012年08月10日,阵雨/多云,35℃/26℃,无持续风向≤3级/无持续风向≤3级
2012年08月11日,雷阵雨/多云,34℃/26℃,无持续风向≤3级/无持续风向≤3级
2012年08月12日,雷阵雨/雷阵雨,33℃/25℃,无持续风向≤3级/无持续风向≤3级
2012年08月13日,雷阵雨/雷阵雨,32℃/24℃,无持续风向≤3级/无持续风向≤3级
2012年08月14日,雷阵雨/多云,33℃/25℃,无持续风向≤3级/无持续风向≤3级
2012年08月15日,晴/多云,35℃/25℃,无持续风向≤3级/无持续风向≤3级
2012年08月16日,雷阵雨/雷阵雨,33℃/25℃,无持续风向≤3级/东北风4-5级
2012年08月17日,中雨/雷阵雨,30℃/25℃,东风4-5级/东南风3-4级
2012年08月18日,多云/阵雨,33℃/26℃,无持续风向≤3级/无持续风向≤3级
2012年08月19日,多云/多云,35℃/25℃,无持续风向≤3级/无持续风向≤3级
2012年08月20日,多云/多云,35℃/26℃,无持续风向≤3级/无持续风向≤3级
2012年08月21日,多云/雷阵雨,35℃/25℃,无持续风向≤3级/无持续风向≤3级
2012年08月22日,雷阵雨/雷阵雨,32℃/25℃,无持续风向≤3级/无持续风向≤3级
2012年08月23日,多云/多云,33℃/25℃,无持续风向≤3级/无持续风向≤3级
2012年08月24日,多云/多云,35℃/25℃,无持续风向≤3级/无持续风向≤3级
2012年08月25日,多云/多云,35℃/26℃,无持续风向≤3级/东北风3-4级
2012年08月26日,多云/晴,34℃/26℃,无持续风向≤3级/无持续风向≤3级
2012年08月27日,晴/多云,35℃/24℃,无持续风向≤3级/无持续风向≤3级
2012年08月28日,晴/多云,35℃/25℃,无持续风向≤3级/无持续风向≤3级
2012年08月29日,晴/多云,35℃/25℃,无持续风向≤3级/无持续风向≤3级
2012年08月30日,阵雨/多云,35℃/26℃,无持续风向≤3级/无持续风向≤3级
2012年08月31日,雷阵雨/多云,35℃/25℃,无持续风向≤3级/无持续风向≤3级
2012年09月01日,雷阵雨/雷阵雨,33℃/25℃,无持续风向≤3级/无持续风向≤3级
2012年09月02日,阵雨/雷阵雨,32℃/24℃,无持续风向≤3级/无持续风向≤3级
2012年09月03日,阵雨/雷阵雨,33℃/24℃,无持续风向≤3级/无持续风向≤3级
2012年09月04日,多云/雷阵雨,33℃/25℃,无持续风向≤3级/无持续风向≤3级
2012年09月05日,多云/多云,34℃/24℃,无持续风向≤3级/无持续风向≤3级
2012年09月06日,多云/多云,33℃/24℃,无持续风向≤3级/无持续风向≤3级
2012年09月07日,多云/雷阵雨,34℃/24℃,无持续风向≤3级/无持续风向≤3级
2012年09月08日,多云/多云,32℃/24℃,无持续风向≤3级/无持续风向≤3级
2012年09月09日,多云/多云,35℃/25℃,无持续风向≤3级/无持续风向≤3级
2012年09月10日,晴/多云,34℃/25℃,无持续风向≤3级/无持续风向≤3级
2012年09月11日,多云/多云,33℃/24℃,无持续风向≤3级/无持续风向≤3级
2012年09月12日,晴/多云,35℃/25℃,无持续风向≤3级/无持续风向≤3级
2012年09月13日,雷阵雨/阵雨,32℃/22℃,北风3-4级/北风3-4级
2012年09月14日,多云/多云,29℃/21℃,东北风3-4级/北风3-4级
2012年09月15日,多云/晴,29℃/20℃,东北风3-4级/北风3-4级
2012年09月16日,晴/晴,30℃/20℃,北风3-4级/东北风3-4级
2012年09月17日,晴/晴,31℃/19℃,无持续风向≤3级/东北风3-4级
2012年09月18日,多云/多云,31℃/21℃,无持续风向≤3级/无持续风向≤3级
2012年09月19日,多云/多云,30℃/23℃,无持续风向≤3级/无持续风向≤3级
2012年09月20日,多云/多云,30℃/23℃,无持续风向≤3级/无持续风向≤3级
2012年09月21日,多云/多云,30℃/23℃,无持续风向≤3级/无持续风向≤3级
2012年09月22日,多云/多云,31℃/23℃,无持续风向≤3级/无持续风向≤3级
2012年09月23日,阵雨/多云,31℃/25℃,无持续风向≤3级/无持续风向≤3级
2012年09月24日,多云/多云,31℃/24℃,无持续风向≤3级/无持续风向≤3级
2012年09月25日,多云/多云,30℃/23℃,无持续风向≤3级/无持续风向≤3级
2012年09月26日,多云/多云,31℃/23℃,无持续风向≤3级/无持续风向≤3级
2012年09月27日,多云/晴,31℃/22℃,无持续风向≤3级/无持续风向≤3级
2012年09月28日,晴/晴,32℃/22℃,北风3-4级/北风3-4级
2012年09月29日,晴/晴,30℃/20℃,北风3-4级/北风3-4级
2012年09月30日,晴/晴,29℃/19℃,无持续风向≤3级/北风3-4级
2012年10月01日,晴/晴,29℃/19℃,无持续风向≤3级/北风3-4级
2012年10月02日,晴/晴,30℃/18℃,无持续风向≤3级/无持续风向≤3级
2012年10月03日,晴/晴,31℃/19℃,无持续风向≤3级/无持续风向≤3级
2012年10月04日,晴/多云,31℃/20℃,无持续风向≤3级/无持续风向≤3级
2012年10月05日,晴/晴,31℃/19℃,无持续风向≤3级/无持续风向≤3级
2012年10月06日,晴/晴,31℃/20℃,无持续风向≤3级/无持续风向≤3级
2012年10月07日,多云/晴,31℃/22℃,无持续风向≤3级/无持续风向≤3级
2012年10月08日,多云/晴,30℃/22℃,无持续风向≤3级/无持续风向≤3级
2012年10月09日,晴/晴,31℃/20℃,无持续风向≤3级/无持续风向≤3级
2012年10月10日,晴/晴,31℃/21℃,无持续风向≤3级/无持续风向≤3级
2012年10月11日,晴/晴,31℃/17℃,无持续风向≤3级/无持续风向≤3级
2012年10月12日,晴/晴,30℃/18℃,无持续风向≤3级/无持续风向≤3级
2012年10月13日,晴/晴,31℃/19℃,无持续风向≤3级/无持续风向≤3级
2012年10月14日,晴/晴,31℃/21℃,无持续风向≤3级/无持续风向≤3级
2012年10月15日,晴/晴,30℃/22℃,无持续风向≤3级/无持续风向≤3级
2012年10月16日,晴/多云,30℃/21℃,无持续风向≤3级/无持续风向≤3级
2012年10月17日,多云/多云,28℃/18℃,北风3-4级/北风3-4级
2012年10月18日,晴/多云,28℃/18℃,无持续风向≤3级/北风3-4级
2012年10月19日,晴/晴,28℃/18℃,无持续风向≤3级/无持续风向≤3级
2012年10月20日,晴/晴,29℃/18℃,无持续风向≤3级/无持续风向≤3级
2012年10月21日,晴/晴,29℃/19℃,无持续风向≤3级/无持续风向≤3级
2012年10月22日,晴/多云,29℃/19℃,无持续风向≤3级/北风3-4级
2012年10月23日,多云/晴,29℃/19℃,无持续风向≤3级/无持续风向≤3级
2012年10月24日,多云/晴,29℃/19℃,无持续风向≤3级/无持续风向≤3级
2012年10月25日,晴/晴,30℃/20℃,无持续风向≤3级/无持续风向≤3级
2012年10月26日,晴/多云,30℃/22℃,无持续风向≤3级/无持续风向≤3级
2012年10月27日,多云/阴,30℃/22℃,无持续风向≤3级/无持续风向≤3级
2012年10月28日,多云/多云,29℃/22℃,无持续风向≤3级/无持续风向≤3级
2012年10月29日,多云/多云,28℃/18℃,无持续风向≤3级/无持续风向≤3级
2012年10月30日,大雨/阴,21℃/16℃,北风3-4级/北风3-4级
2012年10月31日,阴/晴,22℃/13℃,北风3-4级/北风3-4级
2012年11月01日,晴/晴,24℃/12℃,无持续风向≤3级/无持续风向≤3级
2012年11月02日,晴/晴,25℃/14℃,无持续风向≤3级/无持续风向≤3级
2012年11月03日,多云/阴,26℃/17℃,无持续风向≤3级/无持续风向≤3级
2012年11月04日,晴/晴,24℃/15℃,无持续风向≤3级/东北风3-4级
2012年11月05日,多云/多云,23℃/15℃,无持续风向≤3级/无持续风向≤3级
2012年11月06日,多云/晴,26℃/17℃,无持续风向≤3级/无持续风向≤3级
2012年11月07日,多云/多云,26℃/18℃,无持续风向≤3级/无持续风向≤3级
2012年11月08日,多云/多云,26℃/21℃,无持续风向≤3级/无持续风向≤3级
2012年11月09日,多云/多云,27℃/22℃,无持续风向≤3级/无持续风向≤3级
2012年11月10日,小到中雨/小雨,26℃/16℃,无持续风向≤3级/北风3-4级
2012年11月11日,小雨/多云,22℃/15℃,北风3-4级/北风3-4级
2012年11月12日,多云/多云,23℃/16℃,无持续风向≤3级/无持续风向≤3级
2012年11月13日,多云/晴,23℃/15℃,无持续风向≤3级/无持续风向≤3级
2012年11月14日,晴/多云,27℃/18℃,无持续风向≤3级/无持续风向≤3级
2012年11月15日,多云/多云,27℃/19℃,无持续风向≤3级/无持续风向≤3级
2012年11月16日,中到大雨/中到大雨,25℃/15℃,无持续风向≤3级/北风3-4级
2012年11月17日,阴/多云,20℃/14℃,北风3-4级/无持续风向≤3级
2012年11月18日,多云/多云,22℃/16℃,无持续风向≤3级/无持续风向≤3级
2012年11月19日,多云/多云,23℃/19℃,无持续风向≤3级/无持续风向≤3级
2012年11月20日,多云/小雨,26℃/19℃,无持续风向≤3级/无持续风向≤3级
2012年11月21日,小雨/小雨,24℃/20℃,无持续风向≤3级/无持续风向≤3级
2012年11月22日,小雨/小雨,25℃/16℃,无持续风向≤3级/无持续风向≤3级
2012年11月23日,小到中雨/多云,20℃/13℃,北风3-4级/无持续风向≤3级
2012年11月24日,小雨/阴,20℃/15℃,无持续风向≤3级/无持续风向≤3级
2012年11月25日,小雨/中雨,21℃/13℃,无持续风向≤3级/北风3-4级
2012年11月26日,中雨/小雨,18℃/12℃,北风3-4级/无持续风向≤3级
2012年11月27日,小到中雨/小雨,14℃/11℃,无持续风向≤3级/无持续风向≤3级
2012年11月28日,中雨/暴雨,16℃/13℃,无持续风向≤3级/无持续风向≤3级
2012年11月29日,小雨/小雨,17℃/15℃,无持续风向≤3级/无持续风向≤3级
2012年11月30日,小雨/小雨,20℃/16℃,无持续风向≤3级/无持续风向≤3级
2012年12月01日,小到中雨/小到中雨,19℃/13℃,无持续风向≤3级/北风3-4级
2012年12月02日,小雨/多云,15℃/11℃,北风3-4级/无持续风向≤3级
2012年12月03日,小雨/阴,16℃/11℃,北风3-4级/无持续风向≤3级
2012年12月04日,小雨/小雨,16℃/11℃,无持续风向≤3级/无持续风向≤3级
2012年12月05日,小雨/多云,16℃/9℃,北风3-4级/无持续风向≤3级
2012年12月06日,多云/多云,18℃/12℃,无持续风向≤3级/无持续风向≤3级
2012年12月07日,多云/多云,21℃/12℃,无持续风向≤3级/无持续风向≤3级
2012年12月08日,多云/多云,22℃/11℃,无持续风向≤3级/无持续风向≤3级
2012年12月09日,多云/多云,21℃/13℃,无持续风向≤3级/无持续风向≤3级
2012年12月10日,多云/多云,21℃/12℃,无持续风向≤3级/北风3-4级
2012年12月11日,多云/多云,19℃/11℃,北风3-4级/无持续风向≤3级
2012年12月12日,阴/多云,18℃/13℃,北风3-4级/无持续风向≤3级
2012年12月13日,多云/多云,21℃/16℃,无持续风向≤3级/无持续风向≤3级
2012年12月14日,多云/多云,24℃/16℃,无持续风向≤3级/无持续风向≤3级
2012年12月15日,多云/多云,25℃/19℃,无持续风向≤3级/无持续风向≤3级
2012年12月16日,多云/多云,26℃/17℃,无持续风向微风/北风3-4级
2012年12月17日,小雨/小雨,25℃/12℃,北风3-4级/北风3-4级
2012年12月18日,小雨/多云,14℃/7℃,北风3-4级/东北风3-4级
2012年12月19日,多云/小雨,16℃/11℃,无持续风向≤3级/无持续风向≤3级
2012年12月20日,阴/阴,18℃/15℃,无持续风向≤3级/无持续风向≤3级
2012年12月21日,阴/小雨,21℃/10℃,无持续风向≤3级/北风4-5级
2012年12月22日,阴/阴,13℃/8℃,北风4-5级/北风4-5级
2012年12月23日,多云/晴,12℃/4℃,北风4-5级/北风3-4级
2012年12月24日,晴/多云,14℃/9℃,无持续风向≤3级/无持续风向≤3级
2012年12月25日,多云/多云,18℃/10℃,无持续风向≤3级/无持续风向≤3级
2012年12月26日,阴/小雨,19℃/13℃,无持续风向≤3级/无持续风向≤3级
2012年12月27日,小到中雨/小雨,17℃/12℃,无持续风向≤3级/无持续风向≤3级
2012年12月28日,阴/多云,19℃/8℃,无持续风向≤3级/无持续风向≤3级
2012年12月29日,小雨/阴,19℃/5℃,北风4-5级/北风4-5级
2012年12月30日,多云/晴,12℃/3℃,北风3-4级/北风3-4级
2012年12月31日,晴/晴,13℃/5℃,北风3-4级/无持续风向≤3级
